{"last updated":"2022-02-28T00:00:59.999Z","total market cap":1709714818781.7588,"alt market cap":994471951132.9104,"btc dominance":41.834045057789,"btc dominance change":0.134491487789,"eth dominance":18.353456558986,"eth dominance change":-0.363630921014}